iter	RMSE
0	3382.946987
1	2750.075068
2	2478.529273
3	2355.527106
4	2288.963158
5	2239.07717
6	2206.168016
7	2183.826537
8	2159.387342
9	2145.757259
